{"cameraMode":{"drawMode":0,"name":"Shaded","section":"Shading Mode"},"sceneLighting":true,"audioPlay":false,"sceneViewState":{"m_AlwaysRefresh":false,"showFog":true,"showSkybox":true,"showFlares":true,"showImageEffects":true,"showParticleSystems":true,"showVisualEffectGraphs":true,"m_FxEnabled":true},"in2DMode":false,"pivot":{"x":-43.570648193359378,"y":-50.45684051513672,"z":125.1544418334961},"rotation":{"x":0.2230098843574524,"y":-0.029242606833577157,"z":0.006684616673737764,"w":0.9743729829788208},"size":101.17731475830078,"orthographic":false}